Epoch,im_loss,re_loss,all_loss,psnr
1,1.6689177120433134,0.0,1.6689177120433134,18.391130743787826
2,1.4482808954575483,0.0,1.4482808954575483,29.085120815916113
3,1.4292063993566178,0.0,1.4292063993566178,29.60312053540946
4,1.4162086038028492,0.0,1.4162086038028492,30.072015106045697
5,1.4117560667150162,0.0,1.4117560667150162,29.627786028938033
6,1.058893876917222,0.0,1.058893876917222,30.078327855068167
7,0.8129297144272748,0.0,0.8129297144272748,31.322008457460967
8,1.0139943291159237,0.0,1.0139943291159237,32.28797722669191
9,0.7798434986787683,0.0,0.7798434986787683,30.80297399600649
10,0.9489704580867991,0.0,0.9489704580867991,29.863185521677067
11,1.0486639808205998,0.0,1.0486639808205998,30.89734181589991
12,0.945835225722369,0.0,0.945835225722369,31.45848483769263
13,0.641117769129136,0.0,0.641117769129136,32.46999855097048
14,0.714325792649213,0.0,0.714325792649213,34.34142396018699
15,0.7274048749138328,0.0,0.7274048749138328,33.3895483535413
16,0.39081354702220245,0.0,0.39081354702220245,32.47376818662874
17,0.4179007025326,0.0,0.4179007025326,34.13644446432935
18,0.4299612606272978,0.0,0.4299612606272978,34.11203198929803
19,0.4630785549388212,0.0,0.4630785549388212,35.039977058730344
20,0.3428193541134105,0.0,0.3428193541134105,35.37476225100681
21,0.2304679786457735,0.0,0.2304679786457735,37.044764858117496
22,0.26662417019114776,0.0,0.26662417019114776,37.07856442991043
23,0.3061524559469784,0.0,0.3061524559469784,35.585844227932945
24,0.21127888735602884,0.0,0.21127888735602884,37.39013488768998
25,0.2691769319422105,0.0,0.2691769319422105,38.31484463871257
26,0.2088763293098001,0.0,0.2088763293098001,36.866214773206806
27,0.29986976174747243,0.0,0.29986976174747243,35.146594091381104
28,0.22356604127322927,0.0,0.22356604127322927,34.91790147107389
29,0.3484929028679343,0.0,0.3484929028679343,37.38611343601179
30,0.3129853080300724,0.0,0.3129853080300724,39.61127683041591
31,0.3020491600036621,0.0,0.3020491600036621,38.30564643150163
32,0.11619079113006592,0.0,0.11619079113006592,37.04788233573326
33,0.22193696919609518,0.0,0.22193696919609518,37.95172933140832
34,0.2065412577460794,0.0,0.2065412577460794,38.3027654646877
35,0.2034296007717357,0.0,0.2034296007717357,37.700786421549395
36,0.16869222416597254,0.0,0.16869222416597254,39.42647003839178
37,0.13416534311631145,0.0,0.13416534311631145,39.684270346478144
38,0.16696657853968003,0.0,0.16696657853968003,40.37261100234154
39,0.1752475570229923,0.0,0.1752475570229923,37.66417785417874
40,0.08790347155402689,0.0,0.08790347155402689,39.74509398998402
41,0.14322928821339326,0.0,0.14322928821339326,40.692190391471144
42,0.12055326910579905,0.0,0.12055326910579905,40.87576969486263
43,0.10505342483520508,0.0,0.10505342483520508,41.099239632947906
44,0.104742870611303,0.0,0.104742870611303,41.176792263462346
45,0.19731980211594524,0.0,0.19731980211594524,39.365296956122855
46,0.13384427743799546,0.0,0.13384427743799546,40.32907598522183
47,0.13537962296429804,0.0,0.13537962296429804,41.99792607064441
48,0.07311815374037799,0.0,0.07311815374037799,40.97785048568895
49,0.1000665356131161,0.0,0.1000665356131161,41.640366292386915
50,0.13085715910967657,0.0,0.13085715910967657,40.02551224294852
51,0.11625047291026396,0.0,0.11625047291026396,40.645905417159696
52,0.11686915509841021,0.0,0.11686915509841021,41.280475899862836
53,0.09642300185035257,0.0,0.09642300185035257,39.903322197979755
54,0.11994324010961196,0.0,0.11994324010961196,40.580015530921656
55,0.1167992914424223,0.0,0.1167992914424223,39.523402431528574
56,0.10636996521669276,0.0,0.10636996521669276,41.263843121251426
57,0.09693544752457563,0.0,0.09693544752457563,40.98940167673695
58,0.1123349526349236,0.0,0.1123349526349236,39.406643652409706
59,0.08391006553874296,0.0,0.08391006553874296,41.20462458008329
60,0.09713191845837761,0.0,0.09713191845837761,39.97203814137991
61,0.07501979435191435,0.0,0.07501979435191435,43.478539633307314
62,0.09559225334840663,0.0,0.09559225334840663,43.840799545958085
63,0.1003564105314367,0.0,0.1003564105314367,41.343665481965466
64,0.10057819590849035,0.0,0.10057819590849035,42.859511404670066
65,0.05527137307559743,0.0,0.05527137307559743,43.3342479873489
66,0.06680278918322395,0.0,0.06680278918322395,42.087895900470144
67,0.06816523215349983,0.0,0.06816523215349983,43.772722350872655
68,0.1103818977580351,0.0,0.1103818977580351,40.94194836700429
69,0.13693555663613713,0.0,0.13693555663613713,43.10301663524904
70,0.09861996594597311,0.0,0.09861996594597311,41.7428740134486
71,0.12193526941187241,0.0,0.12193526941187241,41.149691523784526
72,0.06104636893552892,0.0,0.06104636893552892,41.076101438226615
73,0.06650686264038086,0.0,0.06650686264038086,42.87816245812793
74,0.07633611033944522,0.0,0.07633611033944522,43.85486387642767
75,0.07158424573786118,0.0,0.07158424573786118,40.9382215299721
76,0.0660556765163646,0.0,0.0660556765163646,41.634002530278735
77,0.08363964277155259,0.0,0.08363964277155259,41.44466508390999
78,0.09372613009284525,0.0,0.09372613009284525,42.288926253301625
79,0.057515000595765954,0.0,0.057515000595765954,41.75555411854916
80,0.05643304656533634,0.0,0.05643304656533634,44.257490908343165
81,0.05271719483768239,0.0,0.05271719483768239,44.698473759192
82,0.07156125938191134,0.0,0.07156125938191134,42.677024427134846
83,0.08942519917207606,0.0,0.08942519917207606,39.85422921496382
84,0.09082890959346995,0.0,0.09082890959346995,41.77045290701912
85,0.07572214743670296,0.0,0.07572214743670296,41.417116968542736
86,0.05994805167703068,0.0,0.05994805167703068,40.76665186010846
87,0.11164756382212919,0.0,0.11164756382212919,42.181922307499846
88,0.0798795082989861,0.0,0.0798795082989861,41.65587136026514
89,0.04645762724034926,0.0,0.04645762724034926,39.35196841944963
90,0.04645869311164407,0.0,0.04645869311164407,43.413187709724646
91,0.07998027521021225,0.0,0.07998027521021225,42.02396007540371
92,0.10109310991623822,0.0,0.10109310991623822,42.81193569054053
93,0.09332018740036908,0.0,0.09332018740036908,41.48531712045816
94,0.07871573111590217,0.0,0.07871573111590217,41.99902548519012
95,0.051315412801854754,0.0,0.051315412801854754,43.161327083918586
96,0.06195356565363267,0.0,0.06195356565363267,44.448939358398896
97,0.09988617195802577,0.0,0.09988617195802577,42.63897808920547
98,0.06875102660235237,0.0,0.06875102660235237,42.067563787181456
99,0.04927476013407988,0.0,0.04927476013407988,42.78447951539885
100,0.06354095655329087,0.0,0.06354095655329087,43.744559477723755
101,0.08023336354423971,0.0,0.08023336354423971,42.4285644072819
102,0.059944559546077955,0.0,0.059944559546077955,44.22002765867158
103,0.06106801594004912,0.0,0.06106801594004912,42.16715023308374
104,0.05216295578900505,0.0,0.05216295578900505,42.51238916736027
105,0.058135579614078295,0.0,0.058135579614078295,40.98592186786913
106,0.05280070445116829,0.0,0.05280070445116829,40.57256501747837
107,0.0627140998840332,0.0,0.0627140998840332,44.528962892473636
108,0.09895030189962949,0.0,0.09895030189962949,45.64130215508584
109,0.06312467771417954,0.0,0.06312467771417954,46.283185111553465
110,0.06805821026072782,0.0,0.06805821026072782,41.07413066947238
111,0.08379567370695226,0.0,0.08379567370695226,42.277375107209416
112,0.04092421601800358,0.0,0.04092421601800358,43.06472986629171
113,0.029653570231269386,0.0,0.029653570231269386,44.5911923006303
114,0.095368273117963,0.0,0.095368273117963,43.18442467519549
115,0.06875214857213638,0.0,0.06875214857213638,40.56846140825912
116,0.06752446819754208,0.0,0.06752446819754208,42.485560462456256
117,0.040629446506500244,0.0,0.040629446506500244,43.29848300923534
118,0.05856234536451452,0.0,0.05856234536451452,41.53738100058668
119,0.0755915782030891,0.0,0.0755915782030891,45.87755456532162
120,0.10745947501238655,0.0,0.10745947501238655,41.929000308495354
121,0.05168750706840964,0.0,0.05168750706840964,41.47599312490742
122,0.08093275042141185,0.0,0.08093275042141185,41.60149169201395
123,0.07605579320122213,0.0,0.07605579320122213,43.268531739204974
124,0.07609283924102783,0.0,0.07609283924102783,43.9231621554582
125,0.07367752580081716,0.0,0.07367752580081716,41.5175967013836
126,0.06988642496221206,0.0,0.06988642496221206,42.799504565908784
127,0.06327472013585708,0.0,0.06327472013585708,45.3950759982516
128,0.085090391776141,0.0,0.085090391776141,43.13427770710619
129,0.05199276699739344,0.0,0.05199276699739344,43.01464157881695
130,0.04872344521915212,0.0,0.04872344521915212,41.6918642691931
131,0.062389338717741126,0.0,0.062389338717741126,41.94481739304565
132,0.07480804359211642,0.0,0.07480804359211642,39.96960523932707
133,0.05357190440682804,0.0,0.05357190440682804,44.50109970066286
134,0.08896648182588465,0.0,0.08896648182588465,42.173782879962836
135,0.07519170817206888,0.0,0.07519170817206888,44.52143475070738
136,0.07625816148870132,0.0,0.07625816148870132,44.37320569122705
137,0.061407012097975784,0.0,0.061407012097975784,44.35575043645045
138,0.04119323632296394,0.0,0.04119323632296394,43.080025085139425
139,0.03475363464916453,0.0,0.03475363464916453,43.7477654789403
140,0.07253819353440229,0.0,0.07253819353440229,43.41201246604622
141,0.09891249853021958,0.0,0.09891249853021958,45.722844288934695
142,0.0517458530033336,0.0,0.0517458530033336,41.00011615146133
143,0.03309770892648136,0.0,0.03309770892648136,45.11681069405568
144,0.06344170430127312,0.0,0.06344170430127312,42.48656537288283
145,0.030836063272812787,0.0,0.030836063272812787,43.29840164679267
146,0.08086898747612448,0.0,0.08086898747612448,45.786236326686236
147,0.030942615340737736,0.0,0.030942615340737736,45.13191007459291
148,0.05018469866584329,0.0,0.05018469866584329,43.66263752408174
149,0.07021166296566234,0.0,0.07021166296566234,46.30770131616715
150,0.04282783059512868,0.0,0.04282783059512868,44.75535336577369
151,0.04199350230834063,0.0,0.04199350230834063,42.69367671695629
152,0.05324758852229399,0.0,0.05324758852229399,45.437736325166334
153,0.06159793629365809,0.0,0.06159793629365809,45.9484513622493
154,0.04958280395059025,0.0,0.04958280395059025,43.38717460343588
155,0.04199036429910099,0.0,0.04199036429910099,44.559594926094235
156,0.042447202345904184,0.0,0.042447202345904184,41.62644817716494
157,0.044021080521976244,0.0,0.044021080521976244,46.20565328551598
158,0.043796476195840275,0.0,0.043796476195840275,43.12485082640926
159,0.07875633940977209,0.0,0.07875633940977209,44.086939293797116
160,0.04275403303258559,0.0,0.04275403303258559,42.48372422555328
161,0.033148723490097946,0.0,0.033148723490097946,39.70356003249466
162,0.099662184715271,0.0,0.099662184715271,43.93527117025015
163,0.055975787779864145,0.0,0.055975787779864145,41.22979990320907
164,0.05292349703171674,0.0,0.05292349703171674,43.94936851190003
165,0.03951122480280259,0.0,0.03951122480280259,47.276751743427916
166,0.053680833648232854,0.0,0.053680833648232854,42.04821565719651
167,0.05147124739254222,0.0,0.05147124739254222,44.02548074006642
168,0.030082264367271874,0.0,0.030082264367271874,43.873483861715
169,0.05818435725043802,0.0,0.05818435725043802,44.1674257560604
170,0.046960469554452336,0.0,0.046960469554452336,45.10325776073113
171,0.0417397232616649,0.0,0.0417397232616649,43.35713117872188
172,0.044609728981466854,0.0,0.044609728981466854,42.65081294105098
173,0.045522521523868334,0.0,0.045522521523868334,41.76504772862471
174,0.02677447655621697,0.0,0.02677447655621697,43.22367184951656
175,0.077865951201495,0.0,0.077865951201495,42.95488540186719
176,0.04031366811079137,0.0,0.04031366811079137,43.62821230192347
177,0.06738650798797607,0.0,0.06738650798797607,47.45482026275974
178,0.06247108122881721,0.0,0.06247108122881721,45.11325388417332
179,0.045824966009925396,0.0,0.045824966009925396,43.167396692757535
180,0.06850292402155259,0.0,0.06850292402155259,43.44873388016374
181,0.05140281424802892,0.0,0.05140281424802892,44.96895339269324
182,0.036446105031406176,0.0,0.036446105031406176,42.562894268991954
183,0.0397837477571824,0.0,0.0397837477571824,43.34510806673236
184,0.06357106741736918,0.0,0.06357106741736918,44.0547065848811
185,0.028135730939752916,0.0,0.028135730939752916,44.63559164734697
186,0.035584246411043054,0.0,0.035584246411043054,45.03827429333549
187,0.0651077943689683,0.0,0.0651077943689683,45.41026078925896
188,0.041421855197233313,0.0,0.041421855197233313,41.93362472982696
189,0.04691081187304329,0.0,0.04691081187304329,44.28538908493067
190,0.05436530533958884,0.0,0.05436530533958884,45.19101649150394
191,0.0863190819235409,0.0,0.0863190819235409,44.48937816314741
192,0.030510194161359,0.0,0.030510194161359,45.42759945363316
193,0.0307922223035027,0.0,0.0307922223035027,42.254220111856256
194,0.05789489255231969,0.0,0.05789489255231969,42.192280511383046
195,0.04163768712212058,0.0,0.04163768712212058,45.46765363504718
196,0.06560203608344584,0.0,0.06560203608344584,44.655168339124565
197,0.0241090129403507,0.0,0.0241090129403507,45.080852287413684
198,0.060972073498894185,0.0,0.060972073498894185,43.330531305853405
199,0.05724993874044979,0.0,0.05724993874044979,45.14435418806124
200,0.04843996552860036,0.0,0.04843996552860036,45.591087419645724
201,0.06165368416730095,0.0,0.06165368416730095,44.56095760651103
202,0.06069821469924029,0.0,0.06069821469924029,45.41239477267907
203,0.06923122966990751,0.0,0.06923122966990751,43.969231128558846
204,0.07729726679184858,0.0,0.07729726679184858,45.35941606797887
205,0.03737325528088738,0.0,0.03737325528088738,45.21909493171791
206,0.02920464733067681,0.0,0.02920464733067681,45.16817664436172
207,0.05396821568993961,0.0,0.05396821568993961,43.45982957407281
208,0.03934098692501292,0.0,0.03934098692501292,44.73528453014463
209,0.06466566113864675,0.0,0.06466566113864675,41.44070175230122
210,0.056694647845099956,0.0,0.056694647845099956,42.50763162152276
211,0.0828241179971134,0.0,0.0828241179971134,44.53063796043324
212,0.038254282053779155,0.0,0.038254282053779155,42.1388376891558
213,0.06224543908063103,0.0,0.06224543908063103,42.1292600444427
214,0.05059535363141228,0.0,0.05059535363141228,42.34166628648392
215,0.07805470859303194,0.0,0.07805470859303194,42.576432382668195
216,0.05873807388193467,0.0,0.05873807388193467,45.40478513051803
217,0.045109005535350126,0.0,0.045109005535350126,46.880340878595135
218,0.0378345671822043,0.0,0.0378345671822043,45.7957796343456
219,0.03628653287887573,0.0,0.03628653287887573,47.24099049380733
220,0.044873276177574604,0.0,0.044873276177574604,44.70455484536125
221,0.03167378201204188,0.0,0.03167378201204188,45.23069945439473
222,0.07094607633702896,0.0,0.07094607633702896,43.95758929227706
223,0.03888906801448149,0.0,0.03888906801448149,45.6168557114648
224,0.04834115855834063,0.0,0.04834115855834063,43.90324744846023
225,0.03882520339068245,0.0,0.03882520339068245,43.7572846757055
226,0.05156846607432646,0.0,0.05156846607432646,44.11177809100761
227,0.0465276136117823,0.0,0.0465276136117823,44.6190574481328
228,0.024293994202333337,0.0,0.024293994202333337,43.877212748763974
229,0.050472077201394475,0.0,0.050472077201394475,43.67340849184935
230,0.04440586707171272,0.0,0.04440586707171272,41.36451960047806
231,0.045008364845724666,0.0,0.045008364845724666,45.168606011239774
232,0.04443480687982896,0.0,0.04443480687982896,42.507748754838886
233,0.04534976622637581,0.0,0.04534976622637581,43.24913346326825
234,0.021367160712971407,0.0,0.021367160712971407,44.65191143702674
235,0.04483755897073185,0.0,0.04483755897073185,45.37864233390333
236,0.032395362854003906,0.0,0.032395362854003906,42.810326122767066
237,0.04105624030618107,0.0,0.04105624030618107,44.78292918220215
238,0.06466359951916863,0.0,0.06466359951916863,41.48954907483338
239,0.04783451557159424,0.0,0.04783451557159424,44.81319239496381
240,0.039788190056295955,0.0,0.039788190056295955,45.20895043400988
241,0.04544605227077708,0.0,0.04544605227077708,42.58659165981993
242,0.029358611387365004,0.0,0.029358611387365004,44.843518703599514
243,0.04345885445089901,0.0,0.04345885445089901,42.08680275708545
244,0.0377882438547471,0.0,0.0377882438547471,44.71388530466405
245,0.03955851933535408,0.0,0.03955851933535408,48.504922102047075
246,0.03928804397583008,0.0,0.03928804397583008,44.31079387888183
247,0.038220079506144804,0.0,0.038220079506144804,45.27700925005219
248,0.04892530862022849,0.0,0.04892530862022849,44.499320187388946
249,0.05537224867764641,0.0,0.05537224867764641,42.13293501428947
250,0.03816003659192253,0.0,0.03816003659192253,42.736622987656325
251,0.06434189572053797,0.0,0.06434189572053797,43.73542686484507
252,0.04658807025236242,0.0,0.04658807025236242,43.417731440837585
253,0.045947748072007126,0.0,0.045947748072007126,44.436815827268774
254,0.037779524045832014,0.0,0.037779524045832014,46.773639983449684
255,0.04726327166837804,0.0,0.04726327166837804,43.918280726375585
256,0.06557524905485265,0.0,0.06557524905485265,44.15031871994681
257,0.047738075256347656,0.0,0.047738075256347656,43.423432868168035
258,0.0329662841909072,0.0,0.0329662841909072,44.028521222096806
259,0.03299968382891487,0.0,0.03299968382891487,44.69199773673297
260,0.05189337449915269,0.0,0.05189337449915269,42.92041623603153
261,0.03216622156255385,0.0,0.03216622156255385,41.39996194157955
262,0.04306067789302153,0.0,0.04306067789302153,48.05505822739528
263,0.05466378436369054,0.0,0.05466378436369054,46.391805123740866
264,0.05077542276943431,0.0,0.05077542276943431,42.88878609509585
265,0.028149096404804903,0.0,0.028149096404804903,42.83171986720991
266,0.0755915080799776,0.0,0.0755915080799776,44.358829824277834
267,0.026942028718836167,0.0,0.026942028718836167,44.823431430758035
268,0.06256650475894704,0.0,0.06256650475894704,44.590030987312616
269,0.059758235426510084,0.0,0.059758235426510084,45.40680896379203
270,0.0494303072200102,0.0,0.0494303072200102,43.64124655215096
271,0.047530917560353,0.0,0.047530917560353,44.61431225807808
272,0.037745244362775016,0.0,0.037745244362775016,43.80248597629986
273,0.024094956762650433,0.0,0.024094956762650433,42.949119001730594
274,0.04450883234248442,0.0,0.04450883234248442,46.32563258751419
275,0.05096763723036822,0.0,0.05096763723036822,45.953564349070895
276,0.03956093858270084,0.0,0.03956093858270084,41.73738662118649
277,0.04911122953190523,0.0,0.04911122953190523,46.01031438841072
278,0.04594193486606374,0.0,0.04594193486606374,43.82765304983141
279,0.03530480230555815,0.0,0.03530480230555815,44.92638946767964
280,0.038636158494388353,0.0,0.038636158494388353,45.216733148037136
281,0.04985239575890934,0.0,0.04985239575890934,46.298151271564905
282,0.03992814877453972,0.0,0.03992814877453972,47.10729875248169
283,0.0535091757774353,0.0,0.0535091757774353,49.137609277945096
284,0.03265729371239157,0.0,0.03265729371239157,44.44544110971026
285,0.05362021221834071,0.0,0.05362021221834071,46.12922365301516
286,0.07250334234798655,0.0,0.07250334234798655,45.138038109167276
287,0.024686820366803336,0.0,0.024686820366803336,44.809147246468655
288,0.032166614251978254,0.0,0.032166614251978254,43.443885506625115
289,0.048221314654630774,0.0,0.048221314654630774,44.8085521609611
290,0.030975531129276052,0.0,0.030975531129276052,44.08778126149259
291,0.03168517000534955,0.0,0.03168517000534955,45.120875670858155
292,0.05917258122388054,0.0,0.05917258122388054,43.45987852251956
293,0.044160636032328886,0.0,0.044160636032328886,46.53423916979928
294,0.07539988966549144,0.0,0.07539988966549144,45.58792542010586
295,0.02327311740202062,0.0,0.02327311740202062,43.38096157087691
296,0.05900560407077565,0.0,0.05900560407077565,44.771846695246715
297,0.04654084233676686,0.0,0.04654084233676686,44.13007664665997
298,0.060746347202974206,0.0,0.060746347202974206,43.786169662212174
299,0.04821177791146671,0.0,0.04821177791146671,46.7824177108804
300,0.0604177853640388,0.0,0.0604177853640388,45.83606796373198
301,0.05037117355010089,0.0,0.05037117355010089,44.22649045317358
302,0.042679257252637076,0.0,0.042679257252637076,42.89823720287831
303,0.04586970104890711,0.0,0.04586970104890711,42.58319570744064
304,0.0411995158475988,0.0,0.0411995158475988,43.18676686783907
305,0.04039813841090483,0.0,0.04039813841090483,43.835243110788475
306,0.04072700177921968,0.0,0.04072700177921968,42.823691627281605
307,0.08146333694458008,0.0,0.08146333694458008,44.82786826540716
308,0.03179402211133171,0.0,0.03179402211133171,46.73956662726147
309,0.04737604015013751,0.0,0.04737604015013751,46.34275970281375
310,0.04438025811139275,0.0,0.04438025811139275,42.63740524852824
311,0.06322231012232163,0.0,0.06322231012232163,43.27089652208087
312,0.050603105741388654,0.0,0.050603105741388654,42.70261569695301
313,0.022249612738104427,0.0,0.022249612738104427,45.80871763148859
314,0.041215980754179114,0.0,0.041215980754179114,44.9412631871768
315,0.07962737363927505,0.0,0.07962737363927505,44.39003517013225
316,0.042010202127344465,0.0,0.042010202127344465,44.34693781916785
317,0.06642617197597728,0.0,0.06642617197597728,41.53351125342813
318,0.045194713508381563,0.0,0.045194713508381563,44.268972733239096
319,0.03410179474774529,0.0,0.03410179474774529,43.78059186150401
320,0.02680653508971719,0.0,0.02680653508971719,44.39501351171021
321,0.022098032867207247,0.0,0.022098032867207247,43.669773283522744
322,0.033461097408743465,0.0,0.033461097408743465,44.61126570190825
323,0.03493304813609404,0.0,0.03493304813609404,43.98323511328012
324,0.06395973878748276,0.0,0.06395973878748276,44.58753193178937
325,0.04981568981619442,0.0,0.04981568981619442,45.76814437066136
326,0.03448100651011748,0.0,0.03448100651011748,45.75223803036555
327,0.04543790045906516,0.0,0.04543790045906516,44.81663056730862
328,0.05183143475476433,0.0,0.05183143475476433,45.376703709567686
329,0.03846716179567225,0.0,0.03846716179567225,44.63881883133695
330,0.058196271167081946,0.0,0.058196271167081946,45.51666481285348
331,0.04175249268026913,0.0,0.04175249268026913,46.002816005511434
332,0.04548390823252061,0.0,0.04548390823252061,45.40208603329765
333,0.04952704205232508,0.0,0.04952704205232508,43.324260716150704
334,0.08745778308195226,0.0,0.08745778308195226,45.632580777059985
335,0.02712496413904078,0.0,0.02712496413904078,43.9211014405877
336,0.03344903272740981,0.0,0.03344903272740981,42.52826019419024
337,0.05261675049276913,0.0,0.05261675049276913,42.563441474604495
338,0.027512480230892405,0.0,0.027512480230892405,44.30209863089482
339,0.05815029845518224,0.0,0.05815029845518224,46.45600783448221
340,0.03981664250878727,0.0,0.03981664250878727,45.03728749771316
341,0.06067469540764304,0.0,0.06067469540764304,45.94713939191116
342,0.04535526387831744,0.0,0.04535526387831744,45.88516585133015
343,0.03519854124854593,0.0,0.03519854124854593,44.40231505292884
344,0.0354990047567031,0.0,0.0354990047567031,43.17395165238302
345,0.06995789443745333,0.0,0.06995789443745333,45.641198481688015
346,0.08294025589438046,0.0,0.08294025589438046,44.1417334923996
347,0.04828477607053869,0.0,0.04828477607053869,43.390498112125975
348,0.03584411915610818,0.0,0.03584411915610818,43.3281372890335
349,0.08437048687654383,0.0,0.08437048687654383,46.313007748816474
350,0.04553110459271599,0.0,0.04553110459271599,44.71806477193887
351,0.06347483747145709,0.0,0.06347483747145709,48.24986031725574
352,0.03395980245926801,0.0,0.03395980245926801,45.54151155576396
353,0.040425770422991586,0.0,0.040425770422991586,46.34091872256334
354,0.04847436442094691,0.0,0.04847436442094691,45.90794132745566
355,0.04474666539360495,0.0,0.04474666539360495,42.97647641060362
356,0.0318223237991333,0.0,0.0318223237991333,45.09841088652103
357,0.019454452921362483,0.0,0.019454452921362483,44.5873236859801
358,0.03175396779004265,0.0,0.03175396779004265,43.161671561064104
359,0.03313751080456902,0.0,0.03313751080456902,42.029669793229516
360,0.03211322251488181,0.0,0.03211322251488181,46.27681268109464
361,0.05291596580954159,0.0,0.05291596580954159,45.626674120301956
362,0.05209837240331313,0.0,0.05209837240331313,44.255353985958465
363,0.03711065124062931,0.0,0.03711065124062931,43.754325478389234
364,0.02575201847973992,0.0,0.02575201847973992,41.40711123035385
365,0.03475779645583209,0.0,0.03475779645583209,43.40091626575668
366,0.06776973079232608,0.0,0.06776973079232608,44.78492571994151
367,0.049997259588802564,0.0,0.049997259588802564,43.486109552832005
368,0.04765544218175551,0.0,0.04765544218175551,42.95294334767725
369,0.03654357265023624,0.0,0.03654357265023624,43.62835429701272
370,0.04507931190378526,0.0,0.04507931190378526,45.84458749605119
371,0.041396225199979896,0.0,0.041396225199979896,44.894289041976776
372,0.02781560491113102,0.0,0.02781560491113102,44.88387263499031
373,0.024697724510641658,0.0,0.024697724510641658,44.656361431311495
374,0.02644568681716919,0.0,0.02644568681716919,44.63120032021656
375,0.01927153503193575,0.0,0.01927153503193575,46.29636212888687
376,0.036542499766630286,0.0,0.036542499766630286,47.44825132320439
377,0.020114186932058895,0.0,0.020114186932058895,44.52065902278326
378,0.015765221679911894,0.0,0.015765221679911894,46.93407216288157
379,0.052110118024489456,0.0,0.052110118024489456,46.17980968826862
380,0.036283745485193586,0.0,0.036283745485193586,48.373853083579796
381,0.06380657588734347,0.0,0.06380657588734347,46.38869098469864
382,0.03347571106518016,0.0,0.03347571106518016,43.87928084827622
383,0.05194608253591201,0.0,0.05194608253591201,46.5291828517611
384,0.02700297622119679,0.0,0.02700297622119679,42.683248454732635
385,0.01717018905807944,0.0,0.01717018905807944,43.200297502677316
386,0.02333425248370451,0.0,0.02333425248370451,41.871382700138156
387,0.026599131962832284,0.0,0.026599131962832284,43.322065349299244
388,0.0367998340550591,0.0,0.0367998340550591,44.46762060047463
389,0.043199714492349064,0.0,0.043199714492349064,44.78564128429969
390,0.06621851640589096,0.0,0.06621851640589096,46.38414333134043
391,0.01745176490615396,0.0,0.01745176490615396,44.06530833155868
392,0.03055016082875869,0.0,0.03055016082875869,44.08772665768865
393,0.02129873282769147,0.0,0.02129873282769147,42.803759124086355
394,0.03337008111617144,0.0,0.03337008111617144,45.3331956500901
395,0.030865798978244558,0.0,0.030865798978244558,46.38440622297381
396,0.06932624648599063,0.0,0.06932624648599063,43.119341452154465
397,0.054320419535917396,0.0,0.054320419535917396,48.48487928513377
398,0.021739084930980906,0.0,0.021739084930980906,46.221534886303665
399,0.027629520963220036,0.0,0.027629520963220036,46.74570098071478
400,0.027989136822083416,0.0,0.027989136822083416,47.670682211596215
401,0.035250022130853986,0.0,0.035250022130853986,43.559116111799185
402,0.03641934955821318,0.0,0.03641934955821318,43.60057854640309
403,0.036022494820987475,0.0,0.036022494820987475,43.520008454990666
404,0.03028550568748923,0.0,0.03028550568748923,48.85153662997411
405,0.05215642031501321,0.0,0.05215642031501321,46.765779847576724
406,0.039503795259139114,0.0,0.039503795259139114,47.91069392669712
407,0.03202278473797966,0.0,0.03202278473797966,43.093933049104116
408,0.04644786960938398,0.0,0.04644786960938398,46.89921512494002
409,0.046807706356048584,0.0,0.046807706356048584,44.95413343275119
410,0.03225099339204676,0.0,0.03225099339204676,44.57869956308887
411,0.0332264409345739,0.0,0.0332264409345739,45.042273956537514
412,0.04339938654619105,0.0,0.04339938654619105,40.9158583574487
413,0.028467439553316903,0.0,0.028467439553316903,41.938632361673925
414,0.04368107459124397,0.0,0.04368107459124397,43.87772717417405
415,0.021336821948780733,0.0,0.021336821948780733,45.35951434475507
416,0.0527339262120864,0.0,0.0527339262120864,43.996825754397655
417,0.0328565380152534,0.0,0.0328565380152534,47.135069823934934
418,0.04672481733209947,0.0,0.04672481733209947,43.48984019942024
419,0.04133500071132884,0.0,0.04133500071132884,44.728815811215235
420,0.044938907903783465,0.0,0.044938907903783465,44.866536461244245
421,0.04614712560878081,0.0,0.04614712560878081,44.34381161075522
422,0.028208892135059133,0.0,0.028208892135059133,47.56846406826667
423,0.036166124484118295,0.0,0.036166124484118295,45.178172661480076
424,0.04696436138714061,0.0,0.04696436138714061,45.77798446140073
425,0.04101908206939697,0.0,0.04101908206939697,45.470085070672766
426,0.03677127291174496,0.0,0.03677127291174496,42.5150771101131
427,0.06637095002567067,0.0,0.06637095002567067,44.75181264124072
428,0.04006981148439295,0.0,0.04006981148439295,44.88071338980777
429,0.054606297436882466,0.0,0.054606297436882466,45.12559618459005
430,0.06245027570163503,0.0,0.06245027570163503,47.18879968276017
431,0.036892428117639875,0.0,0.036892428117639875,43.20422583652209
432,0.05053116293514476,0.0,0.05053116293514476,42.057838839575716
433,0.02152925028520472,0.0,0.02152925028520472,44.92767889400583
434,0.05148869051652796,0.0,0.05148869051652796,42.4254574707528
435,0.03190377529929666,0.0,0.03190377529929666,45.397559166762804
436,0.05079591624877032,0.0,0.05079591624877032,45.43765241375762
437,0.03922080292421229,0.0,0.03922080292421229,44.76339641684603
438,0.042139600304996264,0.0,0.042139600304996264,45.3279676361986
439,0.04710672883426442,0.0,0.04710672883426442,44.377667222568306
440,0.04418534391066607,0.0,0.04418534391066607,42.54226697070739
441,0.03391902937608607,0.0,0.03391902937608607,44.961212664321394
442,0.03133527320974013,0.0,0.03133527320974013,45.99900078993582
443,0.043627332238590014,0.0,0.043627332238590014,45.59020382783312
444,0.0646808568169089,0.0,0.0646808568169089,44.88168072728047
445,0.017962261157877305,0.0,0.017962261157877305,43.81029014608957
446,0.024251906310810763,0.0,0.024251906310810763,46.846780315403755
447,0.04633405979941873,0.0,0.04633405979941873,42.6735729095695
448,0.03588050603866577,0.0,0.03588050603866577,44.46576209446874
449,0.04521130814271815,0.0,0.04521130814271815,42.90677442777643
450,0.018234861247679767,0.0,0.018234861247679767,45.02363738069354
451,0.03950198958901798,0.0,0.03950198958901798,44.658560925550425
452,0.029996521332684684,0.0,0.029996521332684684,45.910209317876
453,0.12984892901252298,0.0,0.12984892901252298,43.53074844993111
454,0.02089482545852661,0.0,0.02089482545852661,42.96148575793424
455,0.04781430609085981,0.0,0.04781430609085981,44.47887563741024
456,0.0667098550235524,0.0,0.0667098550235524,45.979065925556256
457,0.04197337346918443,0.0,0.04197337346918443,46.15112679236421
458,0.06208491325378418,0.0,0.06208491325378418,45.501373079724026
459,0.022547092507867253,0.0,0.022547092507867253,44.71258783530644
460,0.0771483253030216,0.0,0.0771483253030216,47.32263521067124
461,0.04914870332269108,0.0,0.04914870332269108,44.90441483034179
462,0.034666250733768236,0.0,0.034666250733768236,45.02474810377221
463,0.03822703922496123,0.0,0.03822703922496123,45.519475960450954
464,0.04940617435118731,0.0,0.04940617435118731,44.273723310193056
465,0.022156701368444106,0.0,0.022156701368444106,44.919779479993
466,0.03536904208800372,0.0,0.03536904208800372,44.47848215641876
467,0.04196645231807933,0.0,0.04196645231807933,46.04359175470641
468,0.039508882690878475,0.0,0.039508882690878475,44.631289965658276
469,0.05299857083488913,0.0,0.05299857083488913,44.72716263566006
470,0.050460591035730695,0.0,0.050460591035730695,43.56895450800682
471,0.02937424708815182,0.0,0.02937424708815182,43.85881564830645
472,0.023032006095437443,0.0,0.023032006095437443,43.02557431119162
473,0.03881522487191593,0.0,0.03881522487191593,44.666388271168174
474,0.04370996531318216,0.0,0.04370996531318216,46.08516673681464
475,0.02350963038556716,0.0,0.02350963038556716,45.7915835736561
476,0.06481563343721278,0.0,0.06481563343721278,45.2480916267022
477,0.06303962539224063,0.0,0.06303962539224063,42.15938960436173
478,0.021604166311376235,0.0,0.021604166311376235,45.988086247790285
479,0.06639115249409396,0.0,0.06639115249409396,44.159277659088765
480,0.0318910514607149,0.0,0.0318910514607149,45.45435661289284
481,0.05417222836438347,0.0,0.05417222836438347,45.863043075351364
482,0.029951344518100515,0.0,0.029951344518100515,45.61095837485193
483,0.05174806889365701,0.0,0.05174806889365701,45.78487307459958
484,0.035607590394861555,0.0,0.035607590394861555,45.80140867552526
485,0.05959548669702867,0.0,0.05959548669702867,45.87953925207948
486,0.04318769889719346,0.0,0.04318769889719346,45.12085140973263
487,0.0359646292293773,0.0,0.0359646292293773,44.40258407061112
488,0.031110581229714787,0.0,0.031110581229714787,45.91778969514785
489,0.02514301854021409,0.0,0.02514301854021409,46.9353596901771
490,0.04422107163597556,0.0,0.04422107163597556,44.23637580147953
491,0.021834818755879122,0.0,0.021834818755879122,46.57841941029194
492,0.034180904135984534,0.0,0.034180904135984534,45.30635655421069
493,0.03702720473794376,0.0,0.03702720473794376,42.965388368105835
494,0.029705054619733023,0.0,0.029705054619733023,42.23953734416773
495,0.03241072682773366,0.0,0.03241072682773366,45.27244577550518
496,0.05768515081966624,0.0,0.05768515081966624,45.477310180714866
497,0.03408690410501817,0.0,0.03408690410501817,41.589306709290945
498,0.046420896754545325,0.0,0.046420896754545325,45.8053982810656
499,0.03251140608507044,0.0,0.03251140608507044,43.434270583127734
500,0.07544442485360538,0.0,0.07544442485360538,43.307513492015374
501,0.03978125488056856,0.0,0.03978125488056856,47.153412513279164
502,0.03947901725769043,0.0,0.03947901725769043,45.96194525300809
503,0.0336340771001928,0.0,0.0336340771001928,46.05285218542395
504,0.024573923910365385,0.0,0.024573923910365385,44.82009230045407
505,0.022263660150415757,0.0,0.022263660150415757,44.41666083126669
506,0.033008519340963924,0.0,0.033008519340963924,44.32720352828586
507,0.02504132249776055,0.0,0.02504132249776055,48.47349748420122
508,0.05805359868442311,0.0,0.05805359868442311,46.32200730219944
509,0.043617490459890926,0.0,0.043617490459890926,44.22746250430893
510,0.02270934686941259,0.0,0.02270934686941259,43.780523310171546
511,0.03598593964296229,0.0,0.03598593964296229,46.17522938693975
512,0.0401150619282442,0.0,0.0401150619282442,45.578601201108235
513,0.031267642974853516,0.0,0.031267642974853516,43.876146190026795
514,0.06080843420589671,0.0,0.06080843420589671,47.35439671197943
515,0.04135269277236041,0.0,0.04135269277236041,46.653811801511935
516,0.037261408918044144,0.0,0.037261408918044144,42.65022088096137
517,0.04629397392272949,0.0,0.04629397392272949,44.51812331287148
518,0.048578430624569166,0.0,0.048578430624569166,47.41675123805215
519,0.06081661056069767,0.0,0.06081661056069767,48.60798825498054
520,0.03107038666220272,0.0,0.03107038666220272,48.090744393616745
521,0.022959949339137357,0.0,0.022959949339137357,47.62407865726566
522,0.02632764507742489,0.0,0.02632764507742489,47.69928240365759
523,0.03128862030365888,0.0,0.03128862030365888,46.806284528708666
524,0.04834082547356101,0.0,0.04834082547356101,44.5395306393116
525,0.019522446043351117,0.0,0.019522446043351117,44.62073208597069
526,0.038165744613198674,0.0,0.038165744613198674,46.274406705605344
527,0.02670803841422586,0.0,0.02670803841422586,46.84011998925992
528,0.09623518410850973,0.0,0.09623518410850973,46.443363280375245
529,0.02694080857669606,0.0,0.02694080857669606,46.209800484226456
530,0.03554774382535149,0.0,0.03554774382535149,44.59300468465294
531,0.028502189061220956,0.0,0.028502189061220956,44.62226679867019
532,0.020944895113215727,0.0,0.020944895113215727,45.98843918554745
533,0.052424665759591496,0.0,0.052424665759591496,47.75100128720816
534,0.038209178868462056,0.0,0.038209178868462056,46.008665454855034
535,0.04672727865331313,0.0,0.04672727865331313,44.04478683541038
536,0.0401878742610707,0.0,0.0401878742610707,44.68029098217096
537,0.036545332740334904,0.0,0.036545332740334904,42.49032693682075
538,0.03758928705664242,0.0,0.03758928705664242,44.79543820164323
539,0.07519309660967659,0.0,0.07519309660967659,45.723524193131276
540,0.04632796960718492,0.0,0.04632796960718492,43.857684893732845
541,0.026430266744950238,0.0,0.026430266744950238,45.252623555471985
542,0.023299275075688082,0.0,0.023299275075688082,47.49554888976263
543,0.044596714131972366,0.0,0.044596714131972366,43.59947997328044
544,0.04152519562665154,0.0,0.04152519562665154,47.1399931506706
545,0.035654453670277315,0.0,0.035654453670277315,45.40215156285956
546,0.04140007495880127,0.0,0.04140007495880127,45.63954955686262
547,0.03259633569156423,0.0,0.03259633569156423,45.992544145507985
548,0.0647589038400089,0.0,0.0647589038400089,44.230184563771886
549,0.03038010176490335,0.0,0.03038010176490335,44.11375951864918
550,0.02897465229034424,0.0,0.02897465229034424,44.65874547219193
551,0.028529016410603243,0.0,0.028529016410603243,43.85046394292818
552,0.060964233735028434,0.0,0.060964233735028434,43.958482963467596
553,0.03089058749815997,0.0,0.03089058749815997,47.15383137452161
554,0.02739635986440322,0.0,0.02739635986440322,45.352450533901234
555,0.05355183166616103,0.0,0.05355183166616103,46.51799741483147
556,0.04402781234068029,0.0,0.04402781234068029,44.86689243784543
557,0.022867446436601525,0.0,0.022867446436601525,44.646918067218884
558,0.03369523497188792,0.0,0.03369523497188792,44.7017014010467
559,0.037716283517725324,0.0,0.037716283517725324,46.17750275613525
560,0.07356648585375618,0.0,0.07356648585375618,47.25922442327728
561,0.03703390850740321,0.0,0.03703390850740321,46.61472964456971
562,0.03527474403381348,0.0,0.03527474403381348,48.52981685193616
563,0.047862140571369845,0.0,0.047862140571369845,45.38409750716018
564,0.04182760154499727,0.0,0.04182760154499727,46.58123721525232
565,0.029620812219731948,0.0,0.029620812219731948,46.54425974400713
566,0.046619152321535,0.0,0.046619152321535,47.489425697562446
567,0.05489259958267212,0.0,0.05489259958267212,44.9072412218975
568,0.04816813328686882,0.0,0.04816813328686882,46.18316913076565
569,0.04226095886791453,0.0,0.04226095886791453,47.52349443121459
570,0.04757604879491469,0.0,0.04757604879491469,44.4661640091988
571,0.05817651047426112,0.0,0.05817651047426112,46.950629682816384
572,0.029801529996535358,0.0,0.029801529996535358,46.86907583640828
573,0.045019840492921716,0.0,0.045019840492921716,46.14495190677185
574,0.02021404048975776,0.0,0.02021404048975776,42.06222659809661
575,0.044132632367751175,0.0,0.044132632367751175,44.71474873220185
576,0.026824025546803194,0.0,0.026824025546803194,45.46045247651974
577,0.04027097014819875,0.0,0.04027097014819875,43.51029127334429
578,0.06896166240467745,0.0,0.06896166240467745,43.938438467295384
579,0.04635108569089104,0.0,0.04635108569089104,46.469075858132065
580,0.03375641738667207,0.0,0.03375641738667207,44.984393581495105
581,0.044250207788804,0.0,0.044250207788804,44.93648296353509
582,0.035157484166762405,0.0,0.035157484166762405,45.45614545888127
583,0.03993229655658498,0.0,0.03993229655658498,45.0135307365547
584,0.04140428585164687,0.0,0.04140428585164687,45.039443479548126
585,0.05304457510218901,0.0,0.05304457510218901,47.93678163633041
586,0.03669907064998851,0.0,0.03669907064998851,48.73174413429243
587,0.028438750435324275,0.0,0.028438750435324275,45.07088149981109
588,0.04220020771026611,0.0,0.04220020771026611,44.25599584163484
589,0.04256584013209624,0.0,0.04256584013209624,45.201182942625024
590,0.047501097707187426,0.0,0.047501097707187426,44.53918258297472
591,0.040021047872655535,0.0,0.040021047872655535,46.47110915949356
592,0.0451932619599735,0.0,0.0451932619599735,46.11709619949811
593,0.04292620630825267,0.0,0.04292620630825267,43.770210534902176
594,0.016119686996235567,0.0,0.016119686996235567,44.53059761574721
595,0.031273883931777054,0.0,0.031273883931777054,46.39653379801314
596,0.036311738631304574,0.0,0.036311738631304574,45.013480999884365
597,0.030624158242169547,0.0,0.030624158242169547,45.05908138681389
598,0.062256756950827205,0.0,0.062256756950827205,49.24294352006075
599,0.037352071088903094,0.0,0.037352071088903094,45.66965307595395
600,0.032031146919026095,0.0,0.032031146919026095,44.81547874827907
601,0.04298247309292064,0.0,0.04298247309292064,44.7479100158424
602,0.0488706581732806,0.0,0.0488706581732806,45.87027678212654
603,0.035779293845681584,0.0,0.035779293845681584,40.97395133901368
604,0.037313713746912336,0.0,0.037313713746912336,43.234053592207886
605,0.04008987020043766,0.0,0.04008987020043766,46.315577500142346
606,0.04967007216285257,0.0,0.04967007216285257,44.00755271140359
607,0.03631378272000481,0.0,0.03631378272000481,47.55601698798178
608,0.02879818046794218,0.0,0.02879818046794218,43.1390073656941
609,0.059881224351770734,0.0,0.059881224351770734,44.84381400957254
610,0.03552706802592558,0.0,0.03552706802592558,45.56912798367467
611,0.025443872984717873,0.0,0.025443872984717873,46.14006442501565
612,0.0231377429821912,0.0,0.0231377429821912,47.033564435113895
613,0.04743624434751623,0.0,0.04743624434751623,46.70995347033215
614,0.03253047957139857,0.0,0.03253047957139857,45.70397804216877
615,0.029288814348333022,0.0,0.029288814348333022,43.564448382823066
616,0.059079619014964384,0.0,0.059079619014964384,45.991285139934334
617,0.02715399510720197,0.0,0.02715399510720197,45.04033889841648
618,0.04203310433556052,0.0,0.04203310433556052,45.04273188888182
619,0.029455135850345388,0.0,0.029455135850345388,45.90316823991162
620,0.03607939271365895,0.0,0.03607939271365895,45.77863650660295
621,0.03300974649541518,0.0,0.03300974649541518,45.88566025477023
622,0.05714757302228142,0.0,0.05714757302228142,44.89173857021157
623,0.03108315257465138,0.0,0.03108315257465138,45.11532155604705
624,0.046041912892285514,0.0,0.046041912892285514,48.941836578152106
625,0.024891905924853158,0.0,0.024891905924853158,44.586165763360896
626,0.07207919569576487,0.0,0.07207919569576487,45.30953094544158
627,0.055978312211878156,0.0,0.055978312211878156,47.93721293338002
628,0.04655468463897705,0.0,0.04655468463897705,45.82193420388581
629,0.035480162676642925,0.0,0.035480162676642925,45.831843781578
630,0.022847840014626,0.0,0.022847840014626,45.53983333824296
631,0.02347404816571404,0.0,0.02347404816571404,45.17684142813551
632,0.021524159347309786,0.0,0.021524159347309786,44.99505077374468
633,0.05695956244188197,0.0,0.05695956244188197,47.20404171278784
634,0.03474384546279907,0.0,0.03474384546279907,44.16710472668732
635,0.020699501037597656,0.0,0.020699501037597656,45.09384499429139
636,0.04519569523194257,0.0,0.04519569523194257,47.80152811310479
637,0.02201088912346784,0.0,0.02201088912346784,43.4028896535869
638,0.03752743496614344,0.0,0.03752743496614344,45.20617386824092
639,0.030492053312413833,0.0,0.030492053312413833,43.954046212906846
640,0.035965961568495804,0.0,0.035965961568495804,44.051559250009944
641,0.02299362245727988,0.0,0.02299362245727988,44.984120873372945
642,0.027130467050215778,0.0,0.027130467050215778,43.775911548116866
643,0.02537960690610549,0.0,0.02537960690610549,45.28761832792683
644,0.032000885290258074,0.0,0.032000885290258074,48.458742290131624
645,0.017918188782299265,0.0,0.017918188782299265,44.03470970882263
646,0.03681376050500309,0.0,0.03681376050500309,45.0473576440202
647,0.021557958687053007,0.0,0.021557958687053007,45.02976575588647
648,0.05144427804385915,0.0,0.05144427804385915,45.14548894009919
649,0.05674494715297923,0.0,0.05674494715297923,46.06094887565508
650,0.04216945171356201,0.0,0.04216945171356201,46.12156540173656
651,0.025464236736297607,0.0,0.025464236736297607,45.514846882989495
652,0.03666239626267377,0.0,0.03666239626267377,45.58630113757332
653,0.046946402858285344,0.0,0.046946402858285344,43.14264965767052
654,0.033628379597383386,0.0,0.033628379597383386,44.40176465362087
655,0.028908270246842328,0.0,0.028908270246842328,43.69202154994284
656,0.0391691853018368,0.0,0.0391691853018368,43.8107236724823
657,0.026755336452932918,0.0,0.026755336452932918,47.48355187301706
658,0.02978718982023351,0.0,0.02978718982023351,45.21072672982939
659,0.023370918105630314,0.0,0.023370918105630314,44.51799113851117
660,0.03737076941658469,0.0,0.03737076941658469,48.728279167435815
661,0.03140341534334071,0.0,0.03140341534334071,48.51139341079197
662,0.03242001112769632,0.0,0.03242001112769632,45.56439185884544
663,0.04834028903175803,0.0,0.04834028903175803,46.05969946030616
664,0.02915686193634482,0.0,0.02915686193634482,45.09060216734773
665,0.04794939826516544,0.0,0.04794939826516544,44.36818583130105
666,0.03426158428192139,0.0,0.03426158428192139,45.20455129493308
667,0.05331102539511288,0.0,0.05331102539511288,46.51090415889446
668,0.030127956586725572,0.0,0.030127956586725572,45.45414835744669
669,0.02656927880118875,0.0,0.02656927880118875,46.67854044921234
670,0.0341871275621302,0.0,0.0341871275621302,44.191319897606284
671,0.04465393108480117,0.0,0.04465393108480117,46.488878047339895
672,0.03542236720814424,0.0,0.03542236720814424,44.49133636353173
673,0.028280503609601187,0.0,0.028280503609601187,44.09795767336385
674,0.04607080712037928,0.0,0.04607080712037928,44.281659369310795
675,0.06644450916963465,0.0,0.06644450916963465,47.60210697917348
676,0.04603606813094195,0.0,0.04603606813094195,45.39016816609621
677,0.04630405061385211,0.0,0.04630405061385211,46.351544611018284
678,0.04279379283680635,0.0,0.04279379283680635,43.25493254403257
679,0.030527276151320514,0.0,0.030527276151320514,43.865890046022656
680,0.021167520214529598,0.0,0.021167520214529598,44.94356953368001
681,0.03142881393432617,0.0,0.03142881393432617,45.394015407891814
682,0.032754884046666766,0.0,0.032754884046666766,41.817681055314765
683,0.03588391051572912,0.0,0.03588391051572912,46.755131257605115
684,0.037748890764573044,0.0,0.037748890764573044,43.220287644065365
685,0.034543822793399584,0.0,0.034543822793399584,45.840283178163844
686,0.028105849728864783,0.0,0.028105849728864783,46.31012304395832
687,0.04406137326184441,0.0,0.04406137326184441,46.28292360642522
688,0.030669703203089097,0.0,0.030669703203089097,44.73637572740115
689,0.018905509920681223,0.0,0.018905509920681223,43.353637034856796
690,0.04546296245911542,0.0,0.04546296245911542,45.616653242643196
691,0.0438270744155435,0.0,0.0438270744155435,46.32274795117624
692,0.027366994058384615,0.0,0.027366994058384615,44.81459928719153
693,0.02547843666637645,0.0,0.02547843666637645,43.691564046438245
694,0.035726645413567036,0.0,0.035726645413567036,45.651059048281255
695,0.03570389747619629,0.0,0.03570389747619629,47.47461060176831
696,0.04552446042790132,0.0,0.04552446042790132,44.2135533035614
697,0.030342133606181425,0.0,0.030342133606181425,44.76094331861522
698,0.09087607439826517,0.0,0.09087607439826517,44.57207901912469
699,0.025877191739923814,0.0,0.025877191739923814,42.81273736572957
700,0.0505906483706306,0.0,0.0505906483706306,42.62510971666454
701,0.05535886568181655,0.0,0.05535886568181655,45.18993876386511
702,0.04452879989848418,0.0,0.04452879989848418,46.34141902334268
703,0.018640917890212116,0.0,0.018640917890212116,45.543052311165575
704,0.041060282903559064,0.0,0.041060282903559064,44.82931337630872
705,0.028800305198220646,0.0,0.028800305198220646,46.7478047056354
706,0.04738520524081062,0.0,0.04738520524081062,45.2684494283094
707,0.022371989839217243,0.0,0.022371989839217243,46.05883815043778
708,0.034975928418776565,0.0,0.034975928418776565,46.60207804662691
709,0.04167591824251063,0.0,0.04167591824251063,44.23303325811298
710,0.04120074650820564,0.0,0.04120074650820564,43.909262798900556
711,0.04065121973262114,0.0,0.04065121973262114,43.68392764695127
712,0.03583320799995871,0.0,0.03583320799995871,43.37907520045814
713,0.058359104044297165,0.0,0.058359104044297165,44.854627497595736
714,0.03222085447872386,0.0,0.03222085447872386,44.29316751855759
715,0.046630343970130474,0.0,0.046630343970130474,47.72422537122888
716,0.038101283942951876,0.0,0.038101283942951876,45.86668823925437
717,0.03997949291678036,0.0,0.03997949291678036,43.62993027789703
718,0.03657390089596019,0.0,0.03657390089596019,47.5469435987073
719,0.0245573433006511,0.0,0.0245573433006511,44.88830047296417
720,0.021030336618423462,0.0,0.021030336618423462,43.94647174681416
721,0.02830844065722297,0.0,0.02830844065722297,44.73756353225673
722,0.036812761250664204,0.0,0.036812761250664204,44.215837487751195
723,0.03880016242756563,0.0,0.03880016242756563,45.607273483205795
724,0.036223320400013644,0.0,0.036223320400013644,42.50629579259656
725,0.0298803729169509,0.0,0.0298803729169509,45.51613323284709
726,0.03659991657032686,0.0,0.03659991657032686,45.83352845699878
727,0.03715629788006053,0.0,0.03715629788006053,43.45749585218858
728,0.021461525384117577,0.0,0.021461525384117577,45.752914250915104
729,0.03179591543534223,0.0,0.03179591543534223,43.84453524011196
730,0.02879871690974516,0.0,0.02879871690974516,43.238862591056126
731,0.03578819597468657,0.0,0.03578819597468657,44.67264978234758
732,0.05030425155864043,0.0,0.05030425155864043,45.32201756761948
733,0.030921396087197697,0.0,0.030921396087197697,45.890296157389045
734,0.04212315292919383,0.0,0.04212315292919383,47.729009546090715
735,0.04877318003598381,0.0,0.04877318003598381,46.34284673027169
736,0.03441164072822122,0.0,0.03441164072822122,44.85301848278258
737,0.0336988463121302,0.0,0.0336988463121302,45.4617921778583
738,0.041710425825680006,0.0,0.041710425825680006,44.255473385937194
739,0.032844045582939595,0.0,0.032844045582939595,45.0811189887746
740,0.02901419997215271,0.0,0.02901419997215271,46.246486349785954
741,0.03095712381250718,0.0,0.03095712381250718,44.33781549670292
742,0.05152224091922536,0.0,0.05152224091922536,46.19033175435347
743,0.03594305234796861,0.0,0.03594305234796861,46.990864000156705
744,0.03510178888545317,0.0,0.03510178888545317,45.06512272699857
745,0.01659952016437755,0.0,0.01659952016437755,47.135289333023174
746,0.02441897111780503,0.0,0.02441897111780503,45.22426504343806
747,0.034643401117885816,0.0,0.034643401117885816,42.819774300757956
748,0.028341219705693862,0.0,0.028341219705693862,45.28186256000061
749,0.03609791923971737,0.0,0.03609791923971737,45.64685339709775
750,0.023727743064655978,0.0,0.023727743064655978,46.79526195152303
751,0.04053151607513428,0.0,0.04053151607513428,45.38117569940599
752,0.012760832029230455,0.0,0.012760832029230455,42.90021343950632
753,0.03599195620592903,0.0,0.03599195620592903,43.92568978526286
754,0.018215258331859812,0.0,0.018215258331859812,44.49432173388696
755,0.053924244992873245,0.0,0.053924244992873245,44.78194692772196
756,0.05242038474363439,0.0,0.05242038474363439,45.14654922683405
757,0.026299331118078792,0.0,0.026299331118078792,45.62652597938652
758,0.025159334435182458,0.0,0.025159334435182458,44.914193970988634
759,0.027763801462510052,0.0,0.027763801462510052,46.48895458034599
760,0.025312763803145465,0.0,0.025312763803145465,45.256695167246946
761,0.04373620538150563,0.0,0.04373620538150563,44.00350596066791
762,0.029530595330631033,0.0,0.029530595330631033,45.091113869802925
763,0.03296635782017427,0.0,0.03296635782017427,47.29414819370325
764,0.04008982462041518,0.0,0.04008982462041518,49.38691526457106
765,0.03927521144642549,0.0,0.03927521144642549,45.63701708567155
766,0.04127706499660716,0.0,0.04127706499660716,46.49219628496547
767,0.04511353899450863,0.0,0.04511353899450863,46.323682681937306
768,0.025663640569238103,0.0,0.025663640569238103,47.86723784445398
769,0.060022985233980065,0.0,0.060022985233980065,47.715123248073496
770,0.038937793058507586,0.0,0.038937793058507586,46.12014015110467
771,0.036416993421666766,0.0,0.036416993421666766,44.226039768115555
772,0.025184974950902602,0.0,0.025184974950902602,45.4025911721893
773,0.0621712418163524,0.0,0.0621712418163524,47.94988663849967
774,0.03793864741044886,0.0,0.03793864741044886,43.98946980363212
775,0.01847611104740816,0.0,0.01847611104740816,49.779278113957886
776,0.03535224409664378,0.0,0.03535224409664378,43.87798419037614
777,0.0638574992909151,0.0,0.0638574992909151,44.58655049342843
778,0.051617597832399255,0.0,0.051617597832399255,43.14110627501428
779,0.019965564503389245,0.0,0.019965564503389245,44.78134048688402
780,0.04187172300675336,0.0,0.04187172300675336,42.15453215968549
781,0.01776074661928065,0.0,0.01776074661928065,46.54193393332471
782,0.04025371635661406,0.0,0.04025371635661406,46.016422061174964
783,0.03353501067442052,0.0,0.03353501067442052,42.61527482840273
784,0.04280659731696634,0.0,0.04280659731696634,45.14436793968918
785,0.03548460497575648,0.0,0.03548460497575648,44.85413514687811
786,0.02768462896347046,0.0,0.02768462896347046,43.61314624566568
787,0.025246262550354004,0.0,0.025246262550354004,45.30372462835693
788,0.029607965665705064,0.0,0.029607965665705064,44.53458484686387
789,0.03448183746898875,0.0,0.03448183746898875,47.22852704694986
790,0.03574552956749411,0.0,0.03574552956749411,44.882044835840944
791,0.022335869424483356,0.0,0.022335869424483356,44.22064747479159
792,0.03410988695481244,0.0,0.03410988695481244,46.261711694042276
793,0.026446142617393944,0.0,0.026446142617393944,44.76529125008038
794,0.021381343112272376,0.0,0.021381343112272376,44.86584350935758
795,0.018254939247580135,0.0,0.018254939247580135,47.61373551588426
796,0.02807164893430822,0.0,0.02807164893430822,45.301362889019046
797,0.03617484429303337,0.0,0.03617484429303337,45.04022648285121
798,0.0360986870877883,0.0,0.0360986870877883,46.77593338036562
799,0.022196636480443618,0.0,0.022196636480443618,44.78674244250138
800,0.036174518220564895,0.0,0.036174518220564895,43.22594696993876
801,0.024694917833103854,0.0,0.024694917833103854,46.7800059599407
802,0.03293247783885283,0.0,0.03293247783885283,45.941986009424234
803,0.022310092168695787,0.0,0.022310092168695787,44.72470698409371
804,0.03398563581354478,0.0,0.03398563581354478,49.37436117161826
805,0.06263480466954849,0.0,0.06263480466954849,46.857507280132424
806,0.04584121353486005,0.0,0.04584121353486005,49.152015326019274
807,0.038309602176441866,0.0,0.038309602176441866,44.310004749634615
808,0.023926412358003503,0.0,0.023926412358003503,45.7518197945809
809,0.041209894068100876,0.0,0.041209894068100876,46.396043307539315
810,0.036729770548203415,0.0,0.036729770548203415,45.52404352634396
811,0.019568737815408146,0.0,0.019568737815408146,45.884613190424766
812,0.02094604863839991,0.0,0.02094604863839991,45.32680146181573
813,0.02977444845087388,0.0,0.02977444845087388,43.74475251337091
814,0.0364260287845836,0.0,0.0364260287845836,43.84363671210071
815,0.04035261448691873,0.0,0.04035261448691873,44.66049827427626
816,0.04890747631297392,0.0,0.04890747631297392,44.60908761030531
817,0.025906240238862878,0.0,0.025906240238862878,45.36369374038955
818,0.021538453943589154,0.0,0.021538453943589154,44.22618690301687
819,0.026081323623657227,0.0,0.026081323623657227,44.528011486649206
820,0.025667697191238403,0.0,0.025667697191238403,44.56249845475437
821,0.02849240162793328,0.0,0.02849240162793328,46.264732165887175
822,0.024686073555665856,0.0,0.024686073555665856,49.757162184601036
823,0.02776874864802641,0.0,0.02776874864802641,50.469103477085284
824,0.03769642114639282,0.0,0.03769642114639282,43.53505927226057
825,0.03835101688609404,0.0,0.03835101688609404,43.41408439229765
826,0.035936622058644015,0.0,0.035936622058644015,47.24331721247414
827,0.04585553267422844,0.0,0.04585553267422844,44.32175516494074
828,0.030640370705548453,0.0,0.030640370705548453,46.15701179507285
829,0.018221402869505042,0.0,0.018221402869505042,45.20135452089314
830,0.030932668377371395,0.0,0.030932668377371395,45.172579252762915
831,0.034901068491094256,0.0,0.034901068491094256,44.28665721761387
832,0.03884553909301758,0.0,0.03884553909301758,46.32720737398584
833,0.02490607605260961,0.0,0.02490607605260961,45.245955945159785
834,0.02338805444100324,0.0,0.02338805444100324,45.86342347238877
835,0.022707523668513578,0.0,0.022707523668513578,45.04534043837518
836,0.03971406291512882,0.0,0.03971406291512882,45.81708470696191
837,0.016711512032677147,0.0,0.016711512032677147,45.17129993877306
838,0.038719647070940805,0.0,0.038719647070940805,45.169194773482346
839,0.030220249119926903,0.0,0.030220249119926903,43.50500596656538
840,0.03260069734909955,0.0,0.03260069734909955,46.85434132687974
841,0.01770282142302569,0.0,0.01770282142302569,49.77952192593895
842,0.04151620934991276,0.0,0.04151620934991276,44.66494788593462
843,0.045278156504911536,0.0,0.045278156504911536,47.96280713388968
844,0.02737982483471141,0.0,0.02737982483471141,42.55079348137724
845,0.029376370065352497,0.0,0.029376370065352497,46.37762289776478
846,0.0312123368768131,0.0,0.0312123368768131,47.435911811873915
847,0.01773432773702285,0.0,0.01773432773702285,46.47077652344394
848,0.03233286212472355,0.0,0.03233286212472355,43.33059079465123
849,0.03517843344632317,0.0,0.03517843344632317,43.69035588952076
850,0.026926799732096055,0.0,0.026926799732096055,46.33516940147632
851,0.022155505769393024,0.0,0.022155505769393024,44.72077247677692
852,0.03420470742618337,0.0,0.03420470742618337,46.07797657285121
853,0.02662628538468305,0.0,0.02662628538468305,44.51133916380398
854,0.0274773029720082,0.0,0.0274773029720082,45.545866306107044
855,0.02707544495077694,0.0,0.02707544495077694,44.77179213331748
856,0.04629871424506692,0.0,0.04629871424506692,44.10376782409116
857,0.04599959710065056,0.0,0.04599959710065056,47.141400288738076
858,0.03689662849201875,0.0,0.03689662849201875,47.32452095376321
859,0.031910461537978226,0.0,0.031910461537978226,45.038884978516656
860,0.019257804926703957,0.0,0.019257804926703957,45.19883496852289
861,0.01865892901140101,0.0,0.01865892901140101,44.18834119855866
862,0.032308476812699265,0.0,0.032308476812699265,45.101487787448576
863,0.04750305414199829,0.0,0.04750305414199829,48.477981530347414
864,0.024766801034702975,0.0,0.024766801034702975,47.745605583583306
865,0.027628526968114516,0.0,0.027628526968114516,45.694965771883425
866,0.0682524793288287,0.0,0.0682524793288287,45.601108068525306
867,0.05519533858579748,0.0,0.05519533858579748,43.756744354731026
868,0.02973204149919398,0.0,0.02973204149919398,46.5272595968345
869,0.01858005453558529,0.0,0.01858005453558529,45.77972646809555
870,0.029698228134828454,0.0,0.029698228134828454,45.063655142458074
871,0.025746780283310833,0.0,0.025746780283310833,44.19252760373692
872,0.026244713979608873,0.0,0.026244713979608873,45.31026774003695
873,0.07226075845606186,0.0,0.07226075845606186,43.973866773032185
874,0.04751522400799919,0.0,0.04751522400799919,44.964498622656365
875,0.019934626186595243,0.0,0.019934626186595243,46.48705875393973
876,0.037262250395382154,0.0,0.037262250395382154,45.728596270037094
877,0.04277078544392305,0.0,0.04277078544392305,49.12576985073136
878,0.04157740228316363,0.0,0.04157740228316363,45.877288936745074
879,0.0239945089115816,0.0,0.0239945089115816,46.463430246093424
880,0.03123331069946289,0.0,0.03123331069946289,45.24871935990816
881,0.033941651091856116,0.0,0.033941651091856116,42.50181097518954
882,0.040297262808855844,0.0,0.040297262808855844,45.22779982950736
883,0.029942905201631433,0.0,0.029942905201631433,47.150314888231875
884,0.03968772818060482,0.0,0.03968772818060482,44.21558621238283
885,0.030041021459242877,0.0,0.030041021459242877,45.90482025210099
886,0.0358350347070133,0.0,0.0358350347070133,44.291405236004024
887,0.03196958934559541,0.0,0.03196958934559541,43.51729137472108
888,0.04121310220045202,0.0,0.04121310220045202,43.55079403608103
889,0.03805088996887207,0.0,0.03805088996887207,45.00515143625188
890,0.023151285508099723,0.0,0.023151285508099723,44.021090772174844
891,0.04242484008564668,0.0,0.04242484008564668,41.918650530853974
892,0.029611464808968938,0.0,0.029611464808968938,45.220760010481406
893,0.0165656401830561,0.0,0.0165656401830561,44.27324198581662
894,0.029075210585313684,0.0,0.029075210585313684,44.13402685912616
895,0.0283090542344486,0.0,0.0283090542344486,45.07125277996345
896,0.03704621861962711,0.0,0.03704621861962711,47.184589994829935
897,0.023561624919666964,0.0,0.023561624919666964,45.803510496989766
898,0.0256364643573761,0.0,0.0256364643573761,45.13124466763039
899,0.046330245102153104,0.0,0.046330245102153104,47.11179842494816
900,0.03522498818004832,0.0,0.03522498818004832,42.98334322561072
901,0.019738618065329158,0.0,0.019738618065329158,43.05469014125377
902,0.0408936809091007,0.0,0.0408936809091007,44.674809534121884
903,0.04562022405512193,0.0,0.04562022405512193,45.11901577997545
904,0.04890699947581572,0.0,0.04890699947581572,43.22020116645443
905,0.01793632787816665,0.0,0.01793632787816665,44.3330160155688
906,0.03983298469992245,0.0,0.03983298469992245,44.14983004651817
907,0.03753392135395723,0.0,0.03753392135395723,47.082421869916985
908,0.03759016359553618,0.0,0.03759016359553618,42.79002998651677
909,0.027553728398154762,0.0,0.027553728398154762,44.889399298315986
910,0.026230713900397804,0.0,0.026230713900397804,46.09489149084028
911,0.03809137204114128,0.0,0.03809137204114128,45.529117351765755
912,0.023028037127326515,0.0,0.023028037127326515,45.14867887391547
913,0.027095856035456937,0.0,0.027095856035456937,44.73137700459744
914,0.03242146267610438,0.0,0.03242146267610438,46.6615575903991
915,0.02081869980868171,0.0,0.02081869980868171,43.60276819878432
916,0.015919117366566378,0.0,0.015919117366566378,48.72226038447452
917,0.02264677777009852,0.0,0.02264677777009852,46.25219939664939
918,0.03396541581434362,0.0,0.03396541581434362,44.487367163156996
919,0.014065899393137763,0.0,0.014065899393137763,44.802516252920064
920,0.05246873462901396,0.0,0.05246873462901396,45.09563828873894
921,0.0286787748336792,0.0,0.0286787748336792,45.09182405912894
922,0.023915175129385555,0.0,0.023915175129385555,45.63248477923053
923,0.039734226815840774,0.0,0.039734226815840774,44.340070864485696
924,0.041488296845379996,0.0,0.041488296845379996,45.292787792457915
925,0.041514859480016375,0.0,0.041514859480016375,46.0834891348817
926,0.022726974066566017,0.0,0.022726974066566017,45.01131155251025
927,0.025416100726408118,0.0,0.025416100726408118,46.443556048891836
928,0.023561786202823416,0.0,0.023561786202823416,47.39159806137685
929,0.028656814028235042,0.0,0.028656814028235042,46.51076360759434
930,0.03774383488823386,0.0,0.03774383488823386,43.60178935779353
931,0.02814806910122142,0.0,0.02814806910122142,45.37745624643029
932,0.0473397549460916,0.0,0.0473397549460916,44.10545497328704
933,0.026354198946672326,0.0,0.026354198946672326,43.754681017274294
934,0.022753936402937946,0.0,0.022753936402937946,48.24007599545002
935,0.0428353512988371,0.0,0.0428353512988371,46.687639613775225
936,0.01911421733744004,0.0,0.01911421733744004,44.89246287281844
937,0.03962476463878856,0.0,0.03962476463878856,44.670091043064566
938,0.025949628914103788,0.0,0.025949628914103788,47.55028508511078
939,0.025931584484436932,0.0,0.025931584484436932,46.19090027405324
940,0.03970421763027415,0.0,0.03970421763027415,43.28191637696618
941,0.022660094148972455,0.0,0.022660094148972455,45.98538186123636
942,0.03685918275047751,0.0,0.03685918275047751,47.64316761278625
943,0.04895232004277846,0.0,0.04895232004277846,47.93129215766583
944,0.023848053287057316,0.0,0.023848053287057316,43.08258859426083
945,0.0383798550156986,0.0,0.0383798550156986,44.90385733900859
946,0.03517406127032112,0.0,0.03517406127032112,46.09304913708943
947,0.02509987003663007,0.0,0.02509987003663007,47.06395201311517
948,0.04391887608696433,0.0,0.04391887608696433,46.13008559214624
949,0.03410544465569889,0.0,0.03410544465569889,44.92720048431287
950,0.03974263808306526,0.0,0.03974263808306526,41.78535699053478
951,0.030661982648512897,0.0,0.030661982648512897,45.558814797293024
952,0.05199635028839111,0.0,0.05199635028839111,45.57174784175573
953,0.02685248325852787,0.0,0.02685248325852787,47.216437374855076
954,0.026559857761158663,0.0,0.026559857761158663,45.09072090450074
955,0.029686450958251953,0.0,0.029686450958251953,47.571313355371714
956,0.04802472801769481,0.0,0.04802472801769481,44.31638253046557
957,0.028290383956011605,0.0,0.028290383956011605,48.39217828765179
958,0.035611320944393385,0.0,0.035611320944393385,44.26254555799212
959,0.01592332825941198,0.0,0.01592332825941198,47.92034793178898
960,0.021256820243947646,0.0,0.021256820243947646,46.18211907332163
961,0.030905548263998592,0.0,0.030905548263998592,47.06177911750214
962,0.03431504614212934,0.0,0.03431504614212934,46.43944718867937
963,0.019653691964990953,0.0,0.019653691964990953,44.20410716865942
964,0.0425076870357289,0.0,0.0425076870357289,45.0063172516879
965,0.05418865820940803,0.0,0.05418865820940803,41.79858970041166
966,0.03165566220003016,0.0,0.03165566220003016,42.484101492955624
967,0.02741040727671455,0.0,0.02741040727671455,43.88222553896091
968,0.027156850870917824,0.0,0.027156850870917824,47.67066654875058
969,0.021079564795774573,0.0,0.021079564795774573,45.63802135847243
970,0.022371041424134198,0.0,0.022371041424134198,45.99949348415437
971,0.026996843955096078,0.0,0.026996843955096078,44.33384506614087
972,0.032224690212922937,0.0,0.032224690212922937,45.37408504560349
973,0.02533922826542574,0.0,0.02533922826542574,43.892147943509165
974,0.03430907866534065,0.0,0.03430907866534065,46.81916999194979
975,0.05007055927725399,0.0,0.05007055927725399,47.98061230528095
976,0.022934775142108694,0.0,0.022934775142108694,47.19679472628735
977,0.026248952921699074,0.0,0.026248952921699074,43.0885642375781
978,0.03009868018767413,0.0,0.03009868018767413,45.45606093643171
979,0.018001714173485252,0.0,0.018001714173485252,44.01416798245939
980,0.03927477668313419,0.0,0.03927477668313419,44.05131463977181
981,0.031105283428640926,0.0,0.031105283428640926,46.81471188571312
982,0.032860244021696204,0.0,0.032860244021696204,45.87908796779543
983,0.03858832752003389,0.0,0.03858832752003389,45.62275853016675
984,0.03680895707186531,0.0,0.03680895707186531,46.7997889734623
985,0.03598559253356036,0.0,0.03598559253356036,44.59019695033997
986,0.025287607136894676,0.0,0.025287607136894676,45.154498314158324
987,0.04035071765675264,0.0,0.04035071765675264,46.764971683821116
988,0.035924957079045916,0.0,0.035924957079045916,47.24067602866821
989,0.040279854746425856,0.0,0.040279854746425856,45.35304852634116
990,0.032858932719511146,0.0,0.032858932719511146,44.49150915675112
991,0.025425251792458928,0.0,0.025425251792458928,46.31961317676187
992,0.03919621074900908,0.0,0.03919621074900908,47.03518678237551
993,0.03705791164846981,0.0,0.03705791164846981,44.999258907248105
994,0.03533326177036061,0.0,0.03533326177036061,44.686648683062806
995,0.02690734407481025,0.0,0.02690734407481025,45.66488360082043
996,0.023665491272421443,0.0,0.023665491272421443,44.45618522643052
997,0.02244862388162052,0.0,0.02244862388162052,46.79985773787535
998,0.04660503653918996,0.0,0.04660503653918996,45.114013503511146
999,0.03083378427168902,0.0,0.03083378427168902,46.06830066010627
1000,0.023205448599422678,0.0,0.023205448599422678,47.59968442358825
1001,0.06420478400062113,0.0,0.06420478400062113,45.52106404474248
1002,0.0433420223348281,0.0,0.0433420223348281,47.26782905453782
1003,0.02621275887769811,0.0,0.02621275887769811,44.43382090325717
1004,0.03555722797618193,0.0,0.03555722797618193,45.407127941756194
1005,0.040378132287193745,0.0,0.040378132287193745,44.468004758311366
1006,0.044082336566027475,0.0,0.044082336566027475,44.824352118529845
1007,0.03668865736793069,0.0,0.03668865736793069,49.90893095144739
1008,0.03481693828807158,0.0,0.03481693828807158,47.81412497765839
1009,0.04947986672906315,0.0,0.04947986672906315,46.16256621185048
1010,0.044976672705482036,0.0,0.044976672705482036,44.65642675300856
1011,0.017679284600650564,0.0,0.017679284600650564,46.047456531232456
1012,0.033204569536096906,0.0,0.033204569536096906,43.089686670956894
1013,0.04476032888188081,0.0,0.04476032888188081,43.70660195063977
1014,0.05752432346343994,0.0,0.05752432346343994,47.96160508125255
1015,0.01364223045461318,0.0,0.01364223045461318,43.58564239737568
1016,0.019879688234890208,0.0,0.019879688234890208,42.9800815823533
1017,0.04348355531692505,0.0,0.04348355531692505,44.25769903734497
1018,0.04621627751518698,0.0,0.04621627751518698,46.154051165993664
1019,0.03224258563097786,0.0,0.03224258563097786,45.69965439502616
1020,0.07655053980210248,0.0,0.07655053980210248,46.688952848051784
1021,0.03178922218434951,0.0,0.03178922218434951,42.80168999193094
1022,0.027891849770265466,0.0,0.027891849770265466,43.9770087730824
1023,0.025226258179720712,0.0,0.025226258179720712,49.28076527805988
1024,0.024220785673926857,0.0,0.024220785673926857,43.79185934305496
1025,0.03827826415791231,0.0,0.03827826415791231,43.57749610311017
1026,0.02293458580970764,0.0,0.02293458580970764,44.528637907070916
1027,0.03735588578616872,0.0,0.03735588578616872,46.70268653225911
1028,0.02249282247879926,0.0,0.02249282247879926,43.460994244523874
1029,0.02506681750802433,0.0,0.02506681750802433,44.21553447741399
1030,0.045044366051169,0.0,0.045044366051169,47.728155492914546
1031,0.047924862188451434,0.0,0.047924862188451434,45.52378627946125
1032,0.04143066616619334,0.0,0.04143066616619334,48.815844412015544
1033,0.04591801587273093,0.0,0.04591801587273093,46.21140890008135
1034,0.028709462460349586,0.0,0.028709462460349586,44.86516068454286
1035,0.03458449069191428,0.0,0.03458449069191428,44.59309217617192
1036,0.027187093215830186,0.0,0.027187093215830186,44.411088314984646
1037,0.02852873065892388,0.0,0.02852873065892388,45.20079366529959
1038,0.024871924344231102,0.0,0.024871924344231102,45.03036139031395
1039,0.03125695621266084,0.0,0.03125695621266084,47.44385560387766
1040,0.03727271276361802,0.0,0.03727271276361802,46.66636533960997
1041,0.029986581381629494,0.0,0.029986581381629494,43.71650044434099
1042,0.04703492627424352,0.0,0.04703492627424352,46.36770639516449
1043,0.02003799466525807,0.0,0.02003799466525807,47.18396612235661
1044,0.01903030276298523,0.0,0.01903030276298523,45.31531105086174
1045,0.022920387632706585,0.0,0.022920387632706585,48.63512125532889
1046,0.05757076249403112,0.0,0.05757076249403112,45.29373801924442
1047,0.049145288327161,0.0,0.049145288327161,41.943513587330585
1048,0.03846270897809197,0.0,0.03846270897809197,45.233389214034496
1049,0.02256161325118121,0.0,0.02256161325118121,47.76480247205912
1050,0.02716561100062202,0.0,0.02716561100062202,45.32926031083186
1051,0.02695954547208898,0.0,0.02695954547208898,45.39982514699248
1052,0.030809605822843665,0.0,0.030809605822843665,44.93009877396601
1053,0.07137716517728918,0.0,0.07137716517728918,48.233128569184046
1054,0.039532198625452375,0.0,0.039532198625452375,46.64218461256836
1055,0.03733494001276353,0.0,0.03733494001276353,44.68904929691564
1056,0.02723758010303273,0.0,0.02723758010303273,44.95975177086237
1057,0.036390010048361385,0.0,0.036390010048361385,44.05953639997118
1058,0.029353730818804574,0.0,0.029353730818804574,47.804060086754504
1059,0.025921087054645315,0.0,0.025921087054645315,44.16545891605895
1060,0.026881722842945772,0.0,0.026881722842945772,43.06852200364538
1061,0.05042756305021398,0.0,0.05042756305021398,48.49210941193759
1062,0.01611764290753533,0.0,0.01611764290753533,43.608524277453036
1063,0.022341552902670467,0.0,0.022341552902670467,46.72883979915391
1064,0.035142253426944506,0.0,0.035142253426944506,44.99374439785542
1065,0.025556040160796222,0.0,0.025556040160796222,45.90944489549099
1066,0.029547428383546716,0.0,0.029547428383546716,43.46177637903264
1067,0.030105173587799072,0.0,0.030105173587799072,46.92828474583905
1068,0.02532409394488615,0.0,0.02532409394488615,44.872796230981905
1069,0.04420657017651726,0.0,0.04420657017651726,42.81686014795956
1070,0.015073145137113683,0.0,0.015073145137113683,47.979688553245616
1071,0.059606292668510884,0.0,0.059606292668510884,44.66037036280099
1072,0.045753934804131,0.0,0.045753934804131,47.70719293468365
1073,0.032290893442490524,0.0,0.032290893442490524,46.88098383285328
1074,0.03615973977481618,0.0,0.03615973977481618,46.79226013209717
1075,0.02159375653547399,0.0,0.02159375653547399,45.992903977285636
1076,0.04664177754346062,0.0,0.04664177754346062,46.65612061190998
1077,0.019370766247020048,0.0,0.019370766247020048,45.666603920922384
1078,0.025217126397525564,0.0,0.025217126397525564,48.06960017038988
1079,0.022269052617690143,0.0,0.022269052617690143,45.08406583028755
1080,0.04085681718938491,0.0,0.04085681718938491,45.533674319730565
1081,0.022928201100405526,0.0,0.022928201100405526,48.80935140224296
1082,0.03439646608689252,0.0,0.03439646608689252,44.03830209083221
1083,0.04064479996176327,0.0,0.04064479996176327,45.64933994977861
1084,0.04387225824243882,0.0,0.04387225824243882,46.00215928594685
1085,0.04088543443118825,0.0,0.04088543443118825,44.96399423024543
1086,0.013984461917596705,0.0,0.013984461917596705,47.389183587457076
1087,0.020581191076951867,0.0,0.020581191076951867,48.00851754398959
1088,0.021744286312776452,0.0,0.021744286312776452,46.09713978803872
1089,0.059759238187004536,0.0,0.059759238187004536,45.48517245908903
1090,0.03257316701552447,0.0,0.03257316701552447,46.22127814664932
1091,0.022953377050511977,0.0,0.022953377050511977,44.92631907967906
1092,0.039203205529381245,0.0,0.039203205529381245,45.68449062091668
1093,0.03296190149643842,0.0,0.03296190149643842,45.422723878122795
1094,0.025371330625870648,0.0,0.025371330625870648,45.75243247147527
1095,0.03826350324294146,0.0,0.03826350324294146,46.6587848458897
1096,0.03424999293159036,0.0,0.03424999293159036,45.1952842122573
1097,0.027730675304637235,0.0,0.027730675304637235,45.11636494637798
1098,0.0172059763880337,0.0,0.0172059763880337,45.59203730273504
1099,0.02436819497276755,0.0,0.02436819497276755,44.44868233319502
1100,0.022091807687983793,0.0,0.022091807687983793,44.76935254295604
1101,0.011780565275865443,0.0,0.011780565275865443,44.428464666391775
1102,0.031065232613507437,0.0,0.031065232613507437,47.259989658378885
1103,0.01497875592287849,0.0,0.01497875592287849,44.55950171037249
1104,0.02407490505891688,0.0,0.02407490505891688,46.213323851154485
1105,0.025139089892892277,0.0,0.025139089892892277,43.99952534507082
1106,0.04032803984249339,0.0,0.04032803984249339,48.465477897363144
1107,0.04125408565296846,0.0,0.04125408565296846,47.370831045066275
1108,0.029818086063160616,0.0,0.029818086063160616,41.35491525548908
1109,0.039206995683557844,0.0,0.039206995683557844,44.504909072629104
1110,0.04055549116695628,0.0,0.04055549116695628,43.75190596914127
1111,0.02612538022153518,0.0,0.02612538022153518,45.996298502081665
1112,0.023774129502913532,0.0,0.023774129502913532,46.90914854379442
1113,0.07321148058947395,0.0,0.07321148058947395,44.24036569621933
1114,0.06489601555992575,0.0,0.06489601555992575,44.712756631411736
1115,0.029145768460105446,0.0,0.029145768460105446,46.55856735353969
1116,0.02302926252869999,0.0,0.02302926252869999,45.819645393711745
1117,0.020698368549346924,0.0,0.020698368549346924,44.7260868340463
1118,0.030851409715764663,0.0,0.030851409715764663,45.660524984606226
1119,0.03519272103029139,0.0,0.03519272103029139,46.294544773847605
1120,0.04899482516681447,0.0,0.04899482516681447,43.969894589458676
1121,0.045538621790268845,0.0,0.045538621790268845,45.84764533904397
1122,0.02441368208212011,0.0,0.02441368208212011,46.066097396520306
1123,0.030600218211903292,0.0,0.030600218211903292,45.89223615277486
1124,0.02169263012268964,0.0,0.02169263012268964,45.717563119794846
1125,0.0245283842086792,0.0,0.0245283842086792,44.91982374384485
1126,0.032138368662665874,0.0,0.032138368662665874,46.06243148585688
1127,0.017230005825267118,0.0,0.017230005825267118,47.17603841847363
1128,0.014424192554810467,0.0,0.014424192554810467,44.36000800433578
1129,0.02545366918339449,0.0,0.02545366918339449,45.24780635555957
1130,0.02198500668301302,0.0,0.02198500668301302,44.251612716204804
1131,0.05133019475375905,0.0,0.05133019475375905,45.7262055294799
1132,0.023484787520240333,0.0,0.023484787520240333,41.51461966669502
1133,0.030219355050255272,0.0,0.030219355050255272,44.459018942930754
1134,0.027189312612309176,0.0,0.027189312612309176,44.34094945685415
1135,0.04011129281100105,0.0,0.04011129281100105,44.320004446932764
1136,0.0275535408188315,0.0,0.0275535408188315,46.358448411360065
1137,0.040998164345236385,0.0,0.040998164345236385,43.27501972540084
1138,0.023667293436387005,0.0,0.023667293436387005,46.37353443859227
1139,0.025040654575123507,0.0,0.025040654575123507,45.22684270140491
1140,0.02665048311738407,0.0,0.02665048311738407,45.92792860757485
1141,0.05286496176439173,0.0,0.05286496176439173,47.469268161790204
1142,0.027790486812591553,0.0,0.027790486812591553,46.166760481571686
1143,0.01238801549462711,0.0,0.01238801549462711,45.0820816628515
1144,0.04098057746887207,0.0,0.04098057746887207,45.81473641721789
1145,0.02828296843697043,0.0,0.02828296843697043,48.00186126052397
1146,0.029945468201356774,0.0,0.029945468201356774,42.48471520061067
1147,0.048840992590960336,0.0,0.048840992590960336,44.15054574843988
1148,0.02953185053432689,0.0,0.02953185053432689,45.86541594459754
1149,0.031009772244621727,0.0,0.031009772244621727,47.53932383722403
1150,0.030090857954586252,0.0,0.030090857954586252,45.35419481925865
1151,0.01782681836801417,0.0,0.01782681836801417,44.61621669944341
1152,0.024243715931387508,0.0,0.024243715931387508,46.143996039270014
1153,0.023146454025717342,0.0,0.023146454025717342,45.963940739196616
1154,0.020886491326724783,0.0,0.020886491326724783,47.55481127639293
1155,0.024940629215801462,0.0,0.024940629215801462,44.389107173909395
1156,0.023031418814378625,0.0,0.023031418814378625,45.93012296287681
1157,0.035496897557202506,0.0,0.035496897557202506,45.157670775629285
1158,0.025108419796999765,0.0,0.025108419796999765,45.53453201389401
1159,0.03292262203553144,0.0,0.03292262203553144,46.11212617275341
1160,0.03476309776306152,0.0,0.03476309776306152,44.291732363632825
1161,0.023754242588492,0.0,0.023754242588492,46.09192324022288
1162,0.05099091810338637,0.0,0.05099091810338637,44.6189148398675
1163,0.025180304751676673,0.0,0.025180304751676673,43.95085373867915
1164,0.025181542424594656,0.0,0.025181542424594656,47.67413883765403
1165,0.03857156459022971,0.0,0.03857156459022971,45.34416712045956
1166,0.04573816411635455,0.0,0.04573816411635455,47.1929039512466
1167,0.03817916617673986,0.0,0.03817916617673986,46.57495776126967
1168,0.02409622599096859,0.0,0.02409622599096859,46.384192868517815
1169,0.03878401307498708,0.0,0.03878401307498708,46.84720843052978
1170,0.01762787559453179,0.0,0.01762787559453179,46.59812209669808
1171,0.03743029341978185,0.0,0.03743029341978185,48.29927221316418
1172,0.03774871545679429,0.0,0.03774871545679429,41.07748990902593
1173,0.024792366168078256,0.0,0.024792366168078256,46.1566303691428
1174,0.03096910785226261,0.0,0.03096910785226261,45.27180382537162
1175,0.02515236770405489,0.0,0.02515236770405489,47.92058370850553
1176,0.03394838291056016,0.0,0.03394838291056016,46.23844704035616
1177,0.0307236489127664,0.0,0.0307236489127664,47.47662957421967
1178,0.020681219942429486,0.0,0.020681219942429486,48.55493175585625
1179,0.024365127086639404,0.0,0.024365127086639404,47.239981690982745
1180,0.02177825219490949,0.0,0.02177825219490949,47.58490143269999
1181,0.04534027155707864,0.0,0.04534027155707864,45.72667752027891
1182,0.027583055636462045,0.0,0.027583055636462045,46.55967071482281
1183,0.04158951955683091,0.0,0.04158951955683091,45.46183800116677
1184,0.04551583879134234,0.0,0.04551583879134234,43.072029440275664
1185,0.013494928093517529,0.0,0.013494928093517529,44.909688397856954
1186,0.05013158742119284,0.0,0.05013158742119284,43.46485156165572
1187,0.03836300092584947,0.0,0.03836300092584947,44.78294017948738
1188,0.03273051977157593,0.0,0.03273051977157593,46.82975055791075
1189,0.02410294203197255,0.0,0.02410294203197255,47.274775555788196
1190,0.045056546435636634,0.0,0.045056546435636634,45.46030917106786
1191,0.036148495533887076,0.0,0.036148495533887076,45.399483612688954
1192,0.024545455680173987,0.0,0.024545455680173987,46.002130323264694
1193,0.01660362762563369,0.0,0.01660362762563369,43.80745193098193
1194,0.05023836037691902,0.0,0.05023836037691902,46.006576814232446
1195,0.020812032853855807,0.0,0.020812032853855807,46.09048655747443
1196,0.018076546051922965,0.0,0.018076546051922965,43.490841180079734
1197,0.029675539802102482,0.0,0.029675539802102482,47.06422150583081
1198,0.029632845345665428,0.0,0.029632845345665428,45.79506538383694
